{
  "frontend": {
    "name": "ssb-frontend",
    "version": "0.1.0",
    "packageManager": "npm",
    "lockfile": "package-lock.json",
    "scripts": {
      "build": "next build",
      "dev": "next dev -H 0.0.0.0",
      "dev:local": "next dev",
      "lint": "next lint",
      "start": "next start"
    },
    "dependencies": {
      "next": "15.2.4",
      "react": "^19",
      "react-dom": "^19",
      "@tanstack/react-query": "^5.90.7",
      "socket.io-client": "^4.8.1",
      "@googlemaps/js-api-loader": "^1.16.2",
      "axios": "^1.13.2",
      "zod": "3.25.76",
      "react-hook-form": "^7.60.0",
      "@radix-ui/*": "multiple versions",
      "lucide-react": "^0.454.0",
      "date-fns": "latest",
      "recharts": "latest"
    },
    "devDependencies": {
      "typescript": "^5",
      "@types/node": "^22",
      "@types/react": "^19",
      "@types/react-dom": "^19",
      "@types/google.maps": "^3.58.1",
      "tailwindcss": "^4.1.9",
      "postcss": "^8.5"
    },
    "totalDependencies": 72,
    "totalDevDependencies": 12
  },
  "backend": {
    "name": "ssb-backend",
    "version": "1.0.0",
    "packageManager": "npm",
    "lockfile": "package-lock.json",
    "scripts": {
      "dev": "tsx watch src/server.ts",
      "start": "node src/server.js",
      "test": "jest --runInBand",
      "db:init": "mysql -u root -p school_bus_system < ../database/01_init_db_ver2.sql",
      "db:seed": "mysql -u root -p school_bus_system < ../database/02_sample_data.sql",
      "db:reset": "npm run db:init && npm run db:seed",
      "ws:demo": "node src/scripts/ws-demo.js",
      "ws:test": "node src/scripts/test_websocket.js",
      "rebuild:polyline": "tsx scripts/rebuild-polyline.ts",
      "export-postman": "node scripts/export-postman.js",
      "lint": "eslint src --ext .js",
      "lint:fix": "eslint src --ext .js --fix"
    },
    "dependencies": {
      "express": "^5.1.0",
      "mysql2": "^3.15.2",
      "socket.io": "^4.8.1",
      "jsonwebtoken": "^9.0.2",
      "bcryptjs": "^2.4.3",
      "joi": "^17.11.0",
      "firebase-admin": "^13.5.0",
      "ioredis": "^5.8.2",
      "lru-cache": "^11.2.2",
      "node-fetch": "^3.3.2",
      "cors": "^2.8.5",
      "helmet": "^7.1.0",
      "compression": "^1.7.4",
      "express-rate-limit": "^7.5.1",
      "morgan": "^1.10.1",
      "nodemailer": "^6.9.7",
      "dotenv": "^17.2.3"
    },
    "devDependencies": {
      "typescript": "^5.3.3",
      "tsx": "^4.20.6",
      "jest": "^29.7.0",
      "@types/node": "^20.19.24",
      "@types/express": "^4.17.21",
      "eslint": "^8.56.0",
      "@typescript-eslint/eslint-plugin": "^6.19.1",
      "@typescript-eslint/parser": "^6.19.1",
      "supertest": "^6.3.4",
      "js-yaml": "^4.1.0",
      "openapi-to-postmanv2": "^5.3.4"
    },
    "totalDependencies": 18,
    "totalDevDependencies": 12
  },
  "shared": {
    "note": "Both projects use npm as package manager",
    "commonDependencies": [
      "socket.io-client (FE) / socket.io (BE)",
      "typescript (both)",
      "dotenv (BE) / env vars (FE)"
    ]
  }
}

