{
  "routes": [
    {
      "pathname": "/",
      "file": "app/page.tsx",
      "type": "redirect",
      "redirectsTo": "/login"
    },
    {
      "pathname": "/login",
      "file": "app/login/page.tsx",
      "type": "page",
      "usesMap": false
    },
    {
      "pathname": "/auth-check",
      "file": "app/auth-check/page.tsx",
      "type": "page",
      "usesMap": false
    },
    {
      "pathname": "/admin",
      "file": "app/admin/page.tsx",
      "type": "page",
      "usesMap": false
    },
    {
      "pathname": "/admin/dashboard",
      "file": "app/admin/dashboard/page.tsx",
      "type": "page",
      "usesMap": false
    },
    {
      "pathname": "/admin/routes",
      "file": "app/admin/routes/page.tsx",
      "type": "page",
      "usesMap": true,
      "mapComponent": "RouteBuilder"
    },
    {
      "pathname": "/admin/routes/[id]",
      "file": "app/admin/routes/[id]/page.tsx",
      "type": "dynamic",
      "usesMap": true,
      "mapComponent": "SSBMap"
    },
    {
      "pathname": "/admin/buses",
      "file": "app/admin/buses/page.tsx",
      "type": "page",
      "usesMap": false
    },
    {
      "pathname": "/admin/drivers",
      "file": "app/admin/drivers/page.tsx",
      "type": "page",
      "usesMap": false
    },
    {
      "pathname": "/admin/students",
      "file": "app/admin/students/page.tsx",
      "type": "page",
      "usesMap": false
    },
    {
      "pathname": "/admin/schedule",
      "file": "app/admin/schedule/page.tsx",
      "type": "page",
      "usesMap": false
    },
    {
      "pathname": "/admin/tracking",
      "file": "app/admin/tracking/page.tsx",
      "type": "page",
      "usesMap": true,
      "mapComponent": "MapView"
    },
    {
      "pathname": "/admin/reports",
      "file": "app/admin/reports/page.tsx",
      "type": "page",
      "usesMap": false
    },
    {
      "pathname": "/admin/notifications",
      "file": "app/admin/notifications/page.tsx",
      "type": "page",
      "usesMap": false
    },
    {
      "pathname": "/admin/settings",
      "file": "app/admin/settings/page.tsx",
      "type": "page",
      "usesMap": false
    },
    {
      "pathname": "/admin/profile",
      "file": "app/admin/profile/page.tsx",
      "type": "page",
      "usesMap": false
    },
    {
      "pathname": "/admin/route-assignment",
      "file": "app/admin/route-assignment/page.tsx",
      "type": "page",
      "usesMap": false
    },
    {
      "pathname": "/driver",
      "file": "app/driver/page.tsx",
      "type": "page",
      "usesMap": true,
      "mapComponent": "MapView"
    },
    {
      "pathname": "/driver/trip/[id]",
      "file": "app/driver/trip/[id]/page.tsx",
      "type": "dynamic",
      "usesMap": true,
      "mapComponent": "TripMap"
    },
    {
      "pathname": "/driver/history",
      "file": "app/driver/history/page.tsx",
      "type": "page",
      "usesMap": false
    },
    {
      "pathname": "/driver/incidents",
      "file": "app/driver/incidents/page.tsx",
      "type": "page",
      "usesMap": false
    },
    {
      "pathname": "/driver/profile",
      "file": "app/driver/profile/page.tsx",
      "type": "page",
      "usesMap": false
    },
    {
      "pathname": "/driver/settings",
      "file": "app/driver/settings/page.tsx",
      "type": "page",
      "usesMap": false
    },
    {
      "pathname": "/parent",
      "file": "app/parent/page.tsx",
      "type": "page",
      "usesMap": true,
      "mapComponent": "MapView"
    },
    {
      "pathname": "/parent/history",
      "file": "app/parent/history/page.tsx",
      "type": "page",
      "usesMap": false
    },
    {
      "pathname": "/parent/notifications",
      "file": "app/parent/notifications/page.tsx",
      "type": "page",
      "usesMap": false
    },
    {
      "pathname": "/parent/profile",
      "file": "app/parent/profile/page.tsx",
      "type": "page",
      "usesMap": false
    },
    {
      "pathname": "/parent/settings",
      "file": "app/parent/settings/page.tsx",
      "type": "page",
      "usesMap": false
    }
  ],
  "mapComponents": {
    "SSBMap": {
      "file": "components/map/SSBMap.tsx",
      "usesGoogleMaps": true,
      "usesPlaces": false
    },
    "MapView": {
      "file": "components/tracking/MapView.tsx",
      "usesGoogleMaps": true,
      "usesPlaces": false
    },
    "RouteBuilder": {
      "file": "components/admin/route-builder.tsx",
      "usesGoogleMaps": true,
      "usesPlaces": true
    },
    "TripMap": {
      "file": "components/driver/trip-map.tsx",
      "usesGoogleMaps": true,
      "usesPlaces": false
    }
  }
}

